{
  "project_info": {
    "project_number": "733825666136",
    "firebase_url": "https://travelmantics-7653e.firebaseio.com",
    "project_id": "travelmantics-7653e",
    "storage_bucket": "travelmantics-7653e.appspot.com"
  },
  "client": [
    {
      "client_info": {
        "mobilesdk_app_id": "1:733825666136:android:e6280a8dcb385317",
        "android_client_info": {
          "package_name": "com.example.travelmantics"
        }
      },
      "oauth_client": [
        {
          "client_id": "733825666136-qmq5brrdvmig2dol7vensf66582cj4ba.apps.googleusercontent.com",
          "client_type": 1,
          "android_info": {
            "package_name": "com.example.Travelmantics",
            "certificate_hash": "2898bc181eae38392ef3f0461666a6e0917cdef2"
          }
        },
        {
          "client_id": "733825666136-spg0e8dkscqkt4kptgt9t3deuianubca.apps.googleusercontent.com",
          "client_type": 3
        }
      ],
      "api_key": [
        {
          "current_key": "AIzaSyCu7NeTLbCp3ptqqBcReZSQzjBgL3ZLiAU"
        }
      ],
      "services": {
        "appinvite_service": {
          "other_platform_oauth_client": [
            {
              "client_id": "733825666136-spg0e8dkscqkt4kptgt9t3deuianubca.apps.googleusercontent.com",
              "client_type": 3
            }
          ]
        }
      }
    },
    {
      "client_info": {
        "mobilesdk_app_id": "1:733825666136:android:b4470d06b32c6715",
        "android_client_info": {
          "package_name": "com.example.travelmantics"
        }
      },
      "oauth_client": [
        {
          "client_id": "733825666136-7ujtkeuh54alkair1secu26p8chmdjhj.apps.googleusercontent.com",
          "client_type": 1,
          "android_info": {
            "package_name": "com.example.travelmantics",
            "certificate_hash": "2898bc181eae38392ef3f0461666a6e0917cdef2"
          }
        },
        {
          "client_id": "733825666136-spg0e8dkscqkt4kptgt9t3deuianubca.apps.googleusercontent.com",
          "client_type": 3
        }
      ],
      "api_key": [
        {
          "current_key": "AIzaSyCu7NeTLbCp3ptqqBcReZSQzjBgL3ZLiAU"
        }
      ],
      "services": {
        "appinvite_service": {
          "other_platform_oauth_client": [
            {
              "client_id": "733825666136-spg0e8dkscqkt4kptgt9t3deuianubca.apps.googleusercontent.com",
              "client_type": 3
            }
          ]
        }
      }
    },
    {
      "client_info": {
        "mobilesdk_app_id": "1:733825666136:android:0bd7678f1b701f74",
        "android_client_info": {
          "package_name": "com.example.travelmatics"
        }
      },
      "oauth_client": [
        {
          "client_id": "733825666136-qjrsj5bgvr06m2k16e9iq8iimeh6k8oe.apps.googleusercontent.com",
          "client_type": 1,
          "android_info": {
            "package_name": "com.example.travelmatics",
            "certificate_hash": "2898bc181eae38392ef3f0461666a6e0917cdef2"
          }
        },
        {
          "client_id": "733825666136-spg0e8dkscqkt4kptgt9t3deuianubca.apps.googleusercontent.com",
          "client_type": 3
        }
      ],
      "api_key": [
        {
          "current_key": "AIzaSyCu7NeTLbCp3ptqqBcReZSQzjBgL3ZLiAU"
        }
      ],
      "services": {
        "appinvite_service": {
          "other_platform_oauth_client": [
            {
              "client_id": "733825666136-spg0e8dkscqkt4kptgt9t3deuianubca.apps.googleusercontent.com",
              "client_type": 3
            }
          ]
        }
      }
    }
  ],
  "configuration_version": "1"
}